"State","Metal Level","Issuer Name","Plan ID - Standard Component","Plan Marketing Name","Plan Type","Rating Area","Child Only Offering","Source","Customer Service Phone Number Local","Customer Service Phone Number Toll Free","Customer Service Phone Number TTY","Network URL","Plan Brochure URL","Summary of Benefits URL","Drug Formulary URL","Adult Dental","Child Dental","Premium Scenarios","Premium Child","Premium Adult Individual Age 21","Premium Adult Individual Age 27","Premium Adult Individual Age 30","Premium Adult Individual Age 40","Premium Adult Individual Age 50","Premium Adult Individual Age 60","Premium Couple 21","Premium Couple 30","Premium Couple 40","Premium Couple 50","Premium Couple 60","Couple+1 child, Age 21","Couple+1 child, Age 30","Couple+1 child, Age 40","Couple+1 child, Age 50","Couple+2 children, Age 21","Couple+2 children, Age 30","Couple+2 children, Age 40","Couple+2 children, Age 50","Couple+3 or more Children, Age 21","Couple+3 or more Children, Age 30","Couple+3 or more Children, Age 40","Couple+3 or more Children, Age 50","Individual+1 child, Age 21","Individual+1 child, Age 30","Individual+1 child, Age 40","Individual+1 child, Age 50","Individual+2 children, Age 21","Individual+2 children, Age 30","Individual+2 children, Age 40","Individual+2 children, Age 50","Individual+3 or more children, Age 21","Individual+3 or more children, Age 30","Individual+3 or more children, Age 40","Individual+3 or more children, Age 50","Standard Plan Cost Sharing","Medical Deductible - individual - standard","Medical Deductible -family - standard","Drug Deductible - individual - standard","Drug Deductible - family - standard","Medical Maximum Out Of Pocket - individual - standard","Medical Maximum Out of Pocket - family - standard","Drug Maximum Out of Pocket - individual - standard","Drug Maximum Out of Pocket - Family - standard","Primary Care Physician  - standard","Specialist  - standard","Emergency Room  - standard","Inpatient Facility  - standard","Inpatient Physician - standard","Generic Drugs - standard","Preferred Brand Drugs - standard","Non-preferred Brand Drugs - standard","Specialty Drugs - standard","73 Percent Actuarial Value Silver Plan Cost Sharing","Medical Deductible - individual - 73 percent","Drug Deductible - individual - 73 percent","Medical Deductible - family - 73 percent","Drug Deductible - family - 73 percent","Medical Maximum Out Of Pocket - individual - 73 percent","Drug Maximum Out of Pocket - individual - 73 percent","Medical Maximum Out of Pocket - family - 73 percent","Drug Maximum Out of Pocket - Family - 73 percent","Primary Care Physician - 73 percent","Specialist - 73 percent","Emergency Room - 73 percent","Inpatient Facility - 73 percent","Inpatient Physician - 73 percent","Generic Drugs - 73 percent","Preferred Brand Drugs - 73 percent","Non-preferred Brand Drugs - 73 percent","Specialty Drugs - 73 percent","87 Percent Actuarial Value Silver Plan Cost Sharing","Medical Deductible - individual - 87 percent","Drug Deductible - individual - 87 percent","Medical Deductible - family - 87 percent","Drug Deductible - family - 87 percent","Medical Maximum Out Of Pocket - individual - 87 percent","Drug Maximum Out of Pocket - individual - 87 percent","Medical Maximum Out of Pocket - family - 87 percent","Drug Maximum Out of Pocket - Family - 87 percent","Primary Care Physician - 87 percent","Specialist - 87 percent","Emergency Room - 87 percent","Inpatient Facility - 87 percent","Inpatient Physician - 87 percent","Generic Drugs - 87 percent","Preferred Brand Drugs - 87 percent","Non-preferred Brand Drugs - 87 percent","Specialty Drugs - 87 percent","94 Percent Actuarial Value Silver Plan Cost Sharing","Medical Deductible - individual - 94 percent","Drug Deductible - individual - 94 percent","Medical Deductible - family - 94 percent","Drug Deductible - family - 94 percent","Medical Maximum Out Of Pocket -individual - 94 percent","Drug Maximum Out of Pocket - individual - 94 percent","Medical Maximum Out of Pocket - family - 94 percent","Drug Maximum Out of Pocket - Family - 94 percent","Primary Care Physician - 94 percent","Specialist - 94 percent","Emergency Room - 94 percent","Inpatient Facility - 94 percent","Inpatient Physician - 94 percent","Generic Drugs - 94 percent","Preferred Brand Drugs - 94 percent","Non-preferred Brand Drugs - 94 percent","Specialty Drugs - 94 percent"
"PA","Silver","Highmark Inc.","H20151","Balance Blue PPO 1000 a Community Blue Flex Plan","PPO",,,,,,,"https://provdir.highmarkbcbs.com/",,,"http://client.formularynavigator.com/Search.aspx?siteCode=1791332925",,"X",,,"$154.51","$161.93",,,,,,,,,,,,,,,,,,,,,,,,,,,,,,,,,,,"$1,000","$2,000","$0","$0","$6,600","$13,200","Included in out-of-pocket maximum","Included in out-of-pocket maximum","$40","$70","$200 Copay, then 20% Coinsurance","20% Coinsurance after deductible","20% Coinsurance after deductible","$8","$45","$95","$95 formulary, 25% Coinsurance non-formulary Specialty Drug up to $200 maximum",,,,,,,,,,,,,,,,,,,,,,,,,,,,,,,,,,,,,,,,,,,,,,,,,,,,,,
"PA","Gold","Highmark Inc.","33709PA0600003","Balance Blue PPO 500 a Community Blue Flex Plan","PPO",,,,,,,"https://provdir.highmarkbcbs.com/",,,"http://client.formularynavigator.com/Search.aspx?siteCode=1791332925",,"X",,,"$188.00","$197.00",,,,,,,,,,,,,,,,,,,,,,,,,,,,,,,,,,,"$500","$1,000","$500","$1,000","$2,400","$4,800","Included in out-of-pocket maximum","Included in out-of-pocket maximum","$20","$40","$125","10% Coinsurance after deductible","10% Coinsurance after deductible","$8","$45","$95","25%",,,,,,,,,,,,,,,,,,,,,,,,,,,,,,,,,,,,,,,,,,,,,,,,,,,,,,
"PA","Gold","Highmark Inc.","H20152","Flex Blue PPO 1200 PA Mountains Healthcare Region a Community Blue Plan","PPO",,,,,,,"https://provdir.highmarkbcbs.com/",,,"http://client.formularynavigator.com/Search.aspx?siteCode=1791332925",,"X",,,"$184.54","$193.40",,,,,,,,,,,,,,,,,,,,,,,,,,,,,,,,,,,"$1,200","$2,400","$0","$0","$3,600","$7,200","Included in out-of-pocket maximum","Included in out-of-pocket maximum","$20","$30","20% Coinsurance after deductible","20% Coinsurance after deductible","20% Coinsurance after deductible","$8","$45","$95","$95 formulary, 25% Coinsurance non-formulary Specialty Drug up to $200 maximum",,,,,,,,,,,,,,,,,,,,,,,,,,,,,,,,,,,,,,,,,,,,,,,,,,,,,,
"PA","Gold","Highmark Inc.","H20153","Flex Blue PPO 1200 Penn Highlands Region a Community Blue Plan","PPO",,,,,,,"https://provdir.highmarkbcbs.com/",,,"http://client.formularynavigator.com/Search.aspx?siteCode=1791332925",,"X",,,"$186.16","$195.10",,,,,,,,,,,,,,,,,,,,,,,,,,,,,,,,,,,"$1,200","$2,400","$0","$0","$3,600","$7,200","Included in out-of-pocket maximum","Included in out-of-pocket maximum","$20","$30","20% Coinsurance after deductible","20% Coinsurance after deductible","20% Coinsurance after deductible","$8","$45","$95","$95 formulary, 25% Coinsurance non-formulary Specialty Drug up to $200 maximum",,,,,,,,,,,,,,,,,,,,,,,,,,,,,,,,,,,,,,,,,,,,,,,,,,,,,,
"PA","Silver","Highmark Inc.","33709PA0400001","Health Savings Blue PPO 2750 a Community Blue Flex Plan","PPO","Rating Area 4","Allows Adult and Child-Only","HIOS","1-877-959-2550","1-877-959-2550","1-800-862-0709","https://provdir.highmarkbcbs.com","http://www.discoverhighmark.com/","https://www.highmarkbcbs.com/sbc/bcbs.html","http://client.formularynavigator.com/Search.aspx?siteCode=1788724309%20",,"X",,,"$140.00","$147.00",,,,,,,,,,,,,,,,,,,,,,,,,,,,,,,,,,,"$2,750","$5,500","$2,750","$5,500","$4,000","$8,000","Included in out-of-pocket maximum","Included in out-of-pocket maximum","20% Coinsurance after deductible","20% Coinsurance after deductible","20% Coinsurance after deductible","20% Coinsurance after deductible","20% Coinsurance after deductible","20% Coinsurance after deductible","20% Coinsurance after deductible","20% Coinsurance after deductible","20% Coinsurance after deductible",,,,,,,,,,,,,,,,,,,,,,,,,,,,,,,,,,,,,,,,,,,,,,,,,,,,,,
"PA","Catastrophic","Highmark Inc.","33709PA0380001","Major Events Blue PPO 6600 a Community Blue Flex plan","PPO","Rating Area 4","Allows Adult and Child-Only","HIOS","1-877-959-2550","1-877-959-2550","1-800-862-0709","https://provdir.highmarkbcbs.com","http://www.discoverhighmark.com/","https://www.highmarkbcbs.com/sbc/bcbs.html","https://provdir.highmarkbcbs.com",,"X",,,"$109.00","$114.00",,,,,,,,,,,,,,,,,,,,,,,,,,,,,,,,,,,"$6,600","$13,200","$6,600","$13,200","$6,600","$13,200","Included in out-of-pocket maximum","Included in out-of-pocket maximum","No Charge after Deductible","No Charge after Deductible","No Charge after Deductible","No Charge after Deductible","No Charge after Deductible","No Charge after Deductible","No Charge after Deductible","No Charge after Deductible","No Charge after Deductible",,,,,,,,,,,,,,,,,,,,,,,,,,,,,,,,,,,,,,,,,,,,,,,,,,,,,,
"PA","Gold","Highmark Inc.","33709PA0390011","Shared Cost Blue PPO 1000 a Community Blue Plan","PPO","Rating Area 5","Allows Adult and Child-Only","HIOS","1-877-959-2550","1-877-959-2550","1-800-862-0709","https://provdir.highmarkbcbs.com","http://www.discoverhighmark.com/","https://www.highmarkbcbs.com/sbc/bcbs.html","http://client.formularynavigator.com/Search.aspx?siteCode=1791332925",,"X",,,"$192.22","$201.45",,,,,,,,,,,,,,,,,,,,,,,,,,,,,,,,,,,"$1,000","$2,000","$0","$0","$4,250","$8,500","Included in out-of-pocket maximum","Included in out-of-pocket maximum","$25","$50","$150 Copay","Enhanced: 20% after $500 copay per admission / Standard: 40% after $750 copay per admission","Enhanced: 20% after deductible / Standard: 40% after deductible","$8","$45","$95","25%",,,,,,,,,,,,,,,,,,,,,,,,,,,,,,,,,,,,,,,,,,,,,,,,,,,,,,
"PA","Gold","Highmark Inc.","33709PA0390009","Shared Cost Blue PPO 1200 a Community Blue Flex Plan","PPO","Rating Area 4","Allows Adult and Child-Only","HIOS","1-877-959-2550","1-877-959-2550","1-800-862-0709","https://provdir.highmarkbcbs.com","http://www.discoverhighmark.com/","https://www.highmarkbcbs.com/sbc/bcbs.html","http://client.formularynavigator.com/Search.aspx?siteCode=1791332925",,"X",,,"$177.00","$186.00",,,,,,,,,,,,,,,,,,,,,,,,,,,,,,,,,,,"$1,200","$2,400","$0","$0","$3,700","$7,400","Included in out-of-pocket maximum","Included in out-of-pocket maximum","$20","$30","20% Coinsurance after deductible","20% Coinsurance after deductible","20% Coinsurance after deductible","$8","$45","$95","25%",,,,,,,,,,,,,,,,,,,,,,,,,,,,,,,,,,,,,,,,,,,,,,,,,,,,,,
"PA","Silver","Highmark Inc.","33709PA0390007","Shared Cost Blue PPO 2100 a Community Blue Plan","PPO","Rating Area 5","Allows Adult and Child-Only","HIOS","1-877-959-2550","1-877-959-2550","1-800-862-0709","https://provdir.highmarkbcbs.com","http://www.discoverhighmark.com/","https://www.highmarkbcbs.com/sbc/bcbs.html","http://client.formularynavigator.com/Search.aspx?siteCode=1791332925",,"X",,,"$160.98","$168.71",,,,,,,,,,,,,,,,,,,,,,,,,,,,,,,,,,,"$2,100","$4,200","$0","$0","$6,350","$12,700","Included in out-of-pocket maximum","Included in out-of-pocket maximum","$45","$90","30% Coinsurance after deductible","30% after $950 copay per admission","30% Coinsurance after deductible","$8","$45","$95","25%",,,,,,,,,,,,,,,,,,,,,,,,,,,,,,,,,,,,,,,,,,,,,,,,,,,,,,
"PA","Silver","Highmark Inc.","33709PA0390005","Shared Cost Blue PPO 2650 a Community Blue Plan","PPO","Rating Area 4","Allows Adult and Child-Only","HIOS","1-877-959-2550","1-877-959-2550","1-800-862-0709","https://provdir.highmarkbcbs.com","http://www.discoverhighmark.com/","https://www.highmarkbcbs.com/sbc/bcbs.html","http://client.formularynavigator.com/Search.aspx?siteCode=1791332925",,"X",,,"$146.12","$153.13",,,,,,,,,,,,,,,,,,,,,,,,,,,,,,,,,,,"$2,650","$5,300","$0","$0","$6,350","$12,700","Included in out-of-pocket maximum","Included in out-of-pocket maximum","$40","$60","30% Coinsurance after deductible","30% after deductible","30% Coinsurance after deductible","$8","$45","$95","25%",,,,,,,,,,,,,,,,,,,,,,,,,,,,,,,,,,,,,,,,,,,,,,,,,,,,,,
"PA","Bronze","Highmark Inc.","33709PA0390001","Shared Cost Blue PPO 5500 a Community Blue Flex Plan","PPO",,,,,,,"https://provdir.highmarkbcbs.com",,,"https://provdir.highmarkbcbs.com",,"X",,,"$125.00","$131.00",,,,,,,,,,,,,,,,,,,,,,,,,,,,,,,,,,,"$5,500","$11,000","$5,500","$11,000","$6,350","$13,200","Included in out-of-pocket maximum","Included in out-of-pocket maximum","$50","$90","40% Coinsurance after deductible","40% Coinsurance after deductible","40% Coinsurance after deductible","40% Coinsurance after deductible","40% Coinsurance after deductible","40% Coinsurance after deductible","40% Coinsurance after deductible",,,,,,,,,,,,,,,,,,,,,,,,,,,,,,,,,,,,,,,,,,,,,,,,,,,,,,
"PA","Gold","Highmark Inc.","33709PA0590001","Total Health Blue PPO 1200 a Community Blue Plan","PPO",,,,,,,"https://provdir.highmarkbcbs.com/",,,"http://client.formularynavigator.com/Search.aspx?siteCode=1791332925",,"X",,,"$178.00","$186.00",,,,,,,,,,,,,,,,,,,,,,,,,,,,,,,,,,,"$1,200","$2,400","$1,200","$2,400","$3,000","$6,000","Included in out-of-pocket maximum","Included in out-of-pocket maximum","$25","20% Coinsurance after deductible","20% Coinsurance after deductible","20% Coinsurance after deductible","20% Coinsurance after deductible","$8","$45","$95","25%",,,,,,,,,,,,,,,,,,,,,,,,,,,,,,,,,,,,,,,,,,,,,,,,,,,,,,
"PA","Silver","Highmark Health Insurance Company","70194PA0130001","Blue Cross Blue Shield Shared Cost 3200, a Multi-State Plan","PPO","Rating Area 4","Allows Adult and Child-Only","OPM","1-877-959-2553","1-877-959-2553","1-800-862-0709","http://Provdir.highmarkbcbs.com","http://www.discoverhighmark.com/","https://www.highmark.com/sbc/bcbs.html","http://client.formularynavigator.com/clients/highmark/commercial.html",,"X",,,"$212.00","$222.00",,,,,,,,,,,,,,,,,,,,,,,,,,,,,,,,,,,"$3,200","$6,400","$0","$0","$6,350","$12,700","Included in out-of-pocket maximum","Included in out-of-pocket maximum","$30","$70","20% Coinsurance after deductible","20% Coinsurance after deductible","20% Coinsurance after deductible","$8","$45","$95","25%",,,,,,,,,,,,,,,,,,,,,,,,,,,,,,,,,,,,,,,,,,,,,,,,,,,,,,
"PA","Gold","Highmark Health Insurance Company","70194PA0130002","Blue Cross Blue Shield Shared Cost 1500, a Multi-State Plan","PPO","Rating Area 4","Allows Adult and Child-Only","OPM","1-877-959-2553","1-877-959-2553","1-800-862-0709","http://Provdir.highmarkbcbs.com","http://www.discoverhighmark.com/","https://www.highmark.com/sbc/bcbs.html","http://client.formularynavigator.com/clients/highmark/commercial.html",,"X",,,"$256.00","$268.00",,,,,,,,,,,,,,,,,,,,,,,,,,,,,,,,,,,"$1,500","$3,000","$0","$0","$4,000","$8,000","Included in out-of-pocket maximum","Included in out-of-pocket maximum","$20","$40","10% Coinsurance after deductible","10% Coinsurance after deductible","10% Coinsurance after deductible","$8","$45","$95","25%",,,,,,,,,,,,,,,,,,,,,,,,,,,,,,,,,,,,,,,,,,,,,,,,,,,,,,
"PA","Bronze","Highmark Health Insurance Company","70194PA0140001","Shared Cost Blue PPO 5500","PPO","Rating Area 4","Allows Adult and Child-Only","HIOS","1-877-959-2553","1-877-959-2553","1-800-862-0709","https://provdir.highmarkbcbs.com","http://www.discoverhighmark.com/","https://www.highmarkbcbs.com/sbc/bcbs.html","http://client.formularynavigator.com/Search.aspx?siteCode=1788724309%20",,"X",,"$100.54","$182.00","$191.00",,,,,,,,,,,,,,,,,,,,,,,,,,,,,,,,,,,"$5,500","$11,000","$5,500","$11,000","$6,350","$12,700","Included in out-of-pocket maximum","Included in out-of-pocket maximum","$50","$90","40% Coinsurance after deductible","40% Coinsurance after deductible","40% Coinsurance after deductible","40% Coinsurance after deductible","40% Coinsurance after deductible","40% Coinsurance after deductible","40% Coinsurance after deductible",,,,,,,,,,,,,,,,,,,,,,,,,,,,,,,,,,,,,,,,,,,,,,,,,,,,,,
"PA","Silver","Highmark Health Insurance Company","70194PA0140003","Shared Cost Blue PPO 3200","PPO","Rating Area 4","Allows Adult and Child-Only","HIOS","1-877-959-2553","1-877-959-2553","1-800-862-0709","https://provdir.highmarkbcbs.com","http://www.discoverhighmark.com/","https://www.highmarkbcbs.com/sbc/bcbs.html","http://client.formularynavigator.com/Search.aspx?siteCode=1791332925",,"X",,,"$212.00","$222.00",,,,,,,,,,,,,,,,,,,,,,,,,,,,,,,,,,,"$3,200","$6,400","$0","$0","$6,350","$12,700","Included in out-of-pocket maximum","Included in out-of-pocket maximum","$30","$70","20% Coinsurance after deductible","20% Coinsurance after deductible","20% Coinsurance after deductible","$8","$45","$95","25%",,,,,,,,,,,,,,,,,,,,,,,,,,,,,,,,,,,,,,,,,,,,,,,,,,,,,,
"PA","Gold","Highmark Health Insurance Company","70194PA0140005","Shared Cost Blue PPO 1500","PPO","Rating Area 4","Allows Adult and Child-Only","HIOS","1-877-959-2553","1-877-959-2553","1-800-862-0709","https://provdir.highmarkbcbs.com","http://www.discoverhighmark.com/","https://www.highmarkbcbs.com/sbc/bcbs.html","http://client.formularynavigator.com/Search.aspx?siteCode=1791332925",,"X",,,"$256.00","$268.00",,,,,,,,,,,,,,,,,,,,,,,,,,,,,,,,,,,"$1,500","$3,000","$0","$0","$4,000","$8,000","Included in out-of-pocket maximum","Included in out-of-pocket maximum","$20","$40","10% Coinsurance after deductible","10% Coinsurance after deductible","10% Coinsurance after deductible","$8","$45","$95","25%",,,,,,,,,,,,,,,,,,,,,,,,,,,,,,,,,,,,,,,,,,,,,,,,,,,,,,
"PA","Bronze","Highmark Health Insurance Company","70194PA0150001","Health Savings Blue PPO 3400","PPO","Rating Area 4","Allows Adult and Child-Only","HIOS","1-877-959-2553","1-877-959-2553","1-800-862-0709","https://provdir.highmarkbcbs.com","http://www.discoverhighmark.com/","https://www.highmarkbcbs.com/sbc/bcbs.html","http://client.formularynavigator.com/Search.aspx?siteCode=1788724309%20",,"X",,"$95.75","$173.00","$182.00",,,,,,,,,,,,,,,,,,,,,,,,,,,,,,,,,,,"$3,400","$6,800","$3,400","$6,800","$6,350","$12,700","Included in out-of-pocket maximum","Included in out-of-pocket maximum","30% Coinsurance after deductible","30% Coinsurance after deductible","30% Coinsurance after deductible","30% Coinsurance after deductible","30% Coinsurance after deductible","30% Coinsurance after deductible","30% Coinsurance after deductible","30% Coinsurance after deductible","30% Coinsurance after deductible",,,,,,,,,,,,,,,,,,,,,,,,,,,,,,,,,,,,,,,,,,,,,,,,,,,,,,
"PA","Silver","Highmark Health Insurance Company","70194PA0150003","Health Savings Blue PPO 2500","PPO","Rating Area 4","Allows Adult and Child-Only","HIOS","1-877-959-2553","1-877-959-2553","1-800-862-0709","https://provdir.highmarkbcbs.com","http://www.discoverhighmark.com/","https://www.highmarkbcbs.com/sbc/bcbs.html","http://client.formularynavigator.com/Search.aspx?siteCode=1788724309%20",,"X",,,"$216.00","$227.00",,,,,,,,,,,,,,,,,,,,,,,,,,,,,,,,,,,"$2,500","$5,000","$2,500","$5,000","$3,500","$7,000","Included in out-of-pocket maximum","Included in out-of-pocket maximum","10% Coinsurance after deductible","10% Coinsurance after deductible","10% Coinsurance after deductible","10% Coinsurance after deductible","10% Coinsurance after deductible","10% Coinsurance after deductible","10% Coinsurance after deductible","10% Coinsurance after deductible","10% Coinsurance after deductible",,,,,,,,,,,,,,,,,,,,,,,,,,,,,,,,,,,,,,,,,,,,,,,,,,,,,,
"PA","Gold","Highmark Health Insurance Company","70194PA0150005","Health Savings Blue PPO 1300","PPO","Rating Area 4","Allows Adult and Child-Only","HIOS","1-877-959-2553","1-877-959-2553","1-800-862-0709","https://provdir.highmarkbcbs.com","http://www.discoverhighmark.com/","https://www.highmarkbcbs.com/sbc/bcbs.html","http://client.formularynavigator.com/Search.aspx?siteCode=1788724309%20",,"X",,,"$262.00","$274.00",,,,,,,,,,,,,,,,,,,,,,,,,,,,,,,,,,,"$1,300","$2,600","$1,300","$2,600","$2,300","$4,600","Included in out-of-pocket maximum","Included in out-of-pocket maximum","10% Coinsurance after deductible","10% Coinsurance after deductible","10% Coinsurance after deductible","10% Coinsurance after deductible","10% Coinsurance after deductible","10% Coinsurance after deductible","10% Coinsurance after deductible","10% Coinsurance after deductible","10% Coinsurance after deductible",,,,,,,,,,,,,,,,,,,,,,,,,,,,,,,,,,,,,,,,,,,,,,,,,,,,,,
"PA","Silver","Highmark Health Insurance Company","70194PA0160001","Comprehensive Care Blue PPO 1500","PPO","Rating Area 4","Allows Adult and Child-Only","HIOS","1-877-959-2553","1-877-959-2553","1-800-862-0709","https://provdir.highmarkbcbs.com","http://www.discoverhighmark.com/","https://www.highmarkbcbs.com/sbc/bcbs.html","http://client.formularynavigator.com/Search.aspx?siteCode=1791332925",,"X",,,"$216.00","$226.00",,,,,,,,,,,,,,,,,,,,,,,,,,,,,,,,,,,"$1,500","$3,000","$0","$0","$6,350","$12,700","Included in out-of-pocket maximum","Included in out-of-pocket maximum","$35 Copay after deductible","$70 Copay after deductible","20% Coinsurance after deductible","20% Coinsurance after deductible","20% Coinsurance after deductible","$8","$45","$95","25%",,,,,,,,,,,,,,,,,,,,,,,,,,,,,,,,,,,,,,,,,,,,,,,,,,,,,,
"PA","Platinum","Highmark Health Insurance Company","70194PA0160003","Comprehensive Care Blue PPO 500","PPO","Rating Area 4","Allows Adult and Child-Only","HIOS","1-877-959-2553","1-877-959-2553","1-800-862-0709","https://provdir.highmarkbcbs.com","http://www.discoverhighmark.com/","https://www.highmarkbcbs.com/sbc/bcbs.html","http://client.formularynavigator.com/Search.aspx?siteCode=1788724309%20",,"X",,,"$312.00","$327.00",,,,,,,,,,,,,,,,,,,,,,,,,,,,,,,,,,,"$500","$1,000","$0","$0","$1,650","$3,300","Included in out-of-pocket maximum","Included in out-of-pocket maximum","10% Coinsurance after deductible","10% Coinsurance after deductible","10% Coinsurance after deductible","10% Coinsurance after deductible","10% Coinsurance after deductible","$5","$20","$45","$45",,,,,,,,,,,,,,,,,,,,,,,,,,,,,,,,,,,,,,,,,,,,,,,,,,,,,,
"PA","Catastrophic","UPMC Health Plan","16322PA0040001","UPMC Advantage Catastrophic $6600/$0 - Premium Network","PPO",,,,,,,"http://www.upmchealthplan.com/marketplace/network.aspx?network=2015_29_IND_PPO_Serv29_Med29_DentDP",,,,,"X",,,"$125.00","$131.00",,,,,,,,,,,,,,,,,,,,,,,,,,,,,,,,,,,"$6,600","$13,200","$6,600","$13,200","$6,600","$13,200","Included in out-of-pocket maximum","Included in out-of-pocket maximum","No charge after deductible","No charge after deductible","No charge after deductible","No charge after deductible","No charge after deductible","No charge after deductible","No charge after deductible","No charge after deductible","No charge after deductible",,,,,,,,,,,,,,,,,,,,,,,,,,,,,,,,,,,,,,,,,,,,,,,,,,,,,,
"PA","Bronze","UPMC Health Plan","16322PA0040003","UPMC Advantage Bronze $5500/$40 - Premium Network","PPO",,,,,,,"http://www.upmchealthplan.com/marketplace/network.aspx?network=2015_29_IND_PPO_Serv29_Med29_DentDP",,,,,"X",,,"$145.00","$152.00",,,,,,,,,,,,,,,,,,,,,,,,,,,,,,,,,,,"$5,500","$11,000","$5,500","$11,000","$6,600","$13,200","Included in out-of-pocket maximum","Included in out-of-pocket maximum","$40","30% Coinsurance after deductible","30% Coinsurance after deductible","30% Coinsurance after deductible","30% Coinsurance after deductible","$8","30% Coinsurance after deductible","50% Coinsurance after deductible","50% Coinsurance after deductible",,,,,,,,,,,,,,,,,,,,,,,,,,,,,,,,,,,,,,,,,,,,,,,,,,,,,,
"PA","Bronze","UPMC Health Plan","16322PA0040004","UPMC Advantage Bronze $6000/$25 - Premium Network","PPO",,,,,,,"http://www.upmchealthplan.com/marketplace/network.aspx?network=2015_29_IND_PPO_Serv29_Med29_DentDP",,,,,"X",,,"$144.00","$151.00",,,,,,,,,,,,,,,,,,,,,,,,,,,,,,,,,,,"$6,000","$12,000","$6,000","$12,000","$6,600","$13,200","Included in out-of-pocket maximum","Included in out-of-pocket maximum","$25","No charge after deductible","No charge after deductible","No charge after deductible","No charge after deductible","$15","30% Coinsurance after deductible","50% Coinsurance after deductible","50% Coinsurance after deductible",,,,,,,,,,,,,,,,,,,,,,,,,,,,,,,,,,,,,,,,,,,,,,,,,,,,,,
"PA","Silver","UPMC Health Plan","16322PA0040005","UPMC Advantage Silver HSA $2000/20% - Premium Network","PPO",,,,,,,"http://www.upmchealthplan.com/marketplace/network.aspx?network=2015_29_IND_PPO_Serv29_Med29_DentDP",,,,,"X",,,"$162.00","$170.00",,,,,,,,,,,,,,,,,,,,,,,,,,,,,,,,,,,"$2,000","$4,000","$2,000","$4,000","$3,500","$7,000","Included in out-of-pocket maximum","Included in out-of-pocket maximum","20% Coinsurance after deductible","20% Coinsurance after deductible","20% Coinsurance after deductible","20% Coinsurance after deductible","20% Coinsurance after deductible","$8 Copay after deductible","$45 Copay after deductible","$90 Copay after deductible","50% Coinsurance after deductible",,,,,,,,,,,,,,,,,,,,,,,,,,,,,,,,,,,,,,,,,,,,,,,,,,,,,,
"PA","Silver","UPMC Health Plan","16322PA0040006","UPMC Advantage Silver $0/$50 - Premium Network","PPO",,,,,,,"http://www.upmchealthplan.com/marketplace/network.aspx?network=2015_29_IND_PPO_Serv29_Med29_DentDP",,,,,"X",,,"$164.00","$172.00",,,,,,,,,,,,,,,,,,,,,,,,,,,,,,,,,,,"$0","$6,600","$0","$0","$6,600","$13,200","Included in out-of-pocket maximum","Included in out-of-pocket maximum","$50","$100","$600","$4000 Copay per Stay","No charge","$15","$45","$90","50%",,,,,,,,,,,,,,,,,,,,,,,,,,,,,,,,,,,,,,,,,,,,,,,,,,,,,,
"PA","Silver","UPMC Health Plan","16322PA0040007","UPMC Advantage Silver $1750/$30 - Premium Network","PPO",,,,,,,"http://www.upmchealthplan.com/marketplace/network.aspx?network=2015_29_IND_PPO_Serv29_Med29_DentDP",,,,,"X",,,"$161.00","$169.00",,,,,,,,,,,,,,,,,,,,,,,,,,,,,,,,,,,"$1,750","$3,500","$0","$0","$6,600","$13,200","Included in out-of-pocket maximum","Included in out-of-pocket maximum","$30","$80","20% Coinsurance after deductible","20% Coinsurance after deductible","20% Coinsurance after deductible","$8","$45","$90","50%",,,,,,,,,,,,,,,,,,,,,,,,,,,,,,,,,,,,,,,,,,,,,,,,,,,,,,
"PA","Silver","UPMC Health Plan","16322PA0040008","UPMC Advantage Silver $3250/$10 - Premium Network","PPO",,,,,,,"http://www.upmchealthplan.com/marketplace/network.aspx?network=2015_29_IND_PPO_Serv29_Med29_DentDP",,,,,"X",,,"$163.00","$171.00",,,,,,,,,,,,,,,,,,,,,,,,,,,,,,,,,,,"$3,250","$6,500","$0","$0","$6,600","$13,200","Included in out-of-pocket maximum","Included in out-of-pocket maximum","$10","$70","$500","No charge after deductible","No charge after deductible","$8","$45","$90","50%",,,,,,,,,,,,,,,,,,,,,,,,,,,,,,,,,,,,,,,,,,,,,,,,,,,,,,
"PA","Gold","UPMC Health Plan","16322PA0040009","UPMC Advantage Gold $500/$15 - Premium Network","PPO",,,,,,,"http://www.upmchealthplan.com/marketplace/network.aspx?network=2015_29_IND_PPO_Serv29_Med29_DentDP",,,,,"X",,,"$208.00","$218.00",,,,,,,,,,,,,,,,,,,,,,,,,,,,,,,,,,,"$500","$1,000","$0","$0","$3,000","$6,000","Included in out-of-pocket maximum","Included in out-of-pocket maximum","$15","$50","20% Coinsurance after deductible","20% Coinsurance after deductible","20% Coinsurance after deductible","$8","$45","$90","50%",,,,,,,,,,,,,,,,,,,,,,,,,,,,,,,,,,,,,,,,,,,,,,,,,,,,,,
"PA","Gold","UPMC Health Plan","16322PA0040010","UPMC Advantage Gold $750/$10 - Premium Network","PPO",,,,,,,"http://www.upmchealthplan.com/marketplace/network.aspx?network=2015_29_IND_PPO_Serv29_Med29_DentDP",,,,,"X",,,"$207.00","$217.00",,,,,,,,,,,,,,,,,,,,,,,,,,,,,,,,,,,"$750","$1,500","$0","$0","$3,000","$6,000","Included in out-of-pocket maximum","Included in out-of-pocket maximum","$10","$45","10% Coinsurance after deductible","10% Coinsurance after deductible","10% Coinsurance after deductible","$8","$45","$90","50%",,,,,,,,,,,,,,,,,,,,,,,,,,,,,,,,,,,,,,,,,,,,,,,,,,,,,,
"PA","Platinum","UPMC Health Plan","16322PA0040012","UPMC Advantage Platinum $250/$20 - Premium Network","PPO",,,,,,,"http://www.upmchealthplan.com/marketplace/network.aspx?network=2015_29_IND_PPO_Serv29_Med29_DentDP",,,,,"X",,,"$345.00","$362.00",,,,,,,,,,,,,,,,,,,,,,,,,,,,,,,,,,,"$250","$500","$0","$0","$1,500","$3,000","Included in out-of-pocket maximum","Included in out-of-pocket maximum","$20","10% Coinsurance after deductible","10% Coinsurance after deductible","10% Coinsurance after deductible","10% Coinsurance after deductible","$8","$45","$90","50% Coinsurance after deductible",,,,,,,,,,,,,,,,,,,,,,,,,,,,,,,,,,,,,,,,,,,,,,,,,,,,,,
"PA","Bronze","UPMC Health Plan","16322PA0050002","UPMC Advantage Bronze $5500/$40 - Partner Network","EPO",,,,,,,"http://www.upmchealthplan.com/marketplace/network.aspx?network=2015_24_IND_EPO_Serv1_Med2_DentDH",,,,,"X",,,"$120.00","$125.00",,,,,,,,,,,,,,,,,,,,,,,,,,,,,,,,,,,"$5,500","$11,000","$5,500","$11,000","$6,600","$13,200","Included in out-of-pocket maximum","Included in out-of-pocket maximum","$40","30% Coinsurance after deductible","30% Coinsurance after deductible","30% Coinsurance after deductible","30% Coinsurance after deductible","$8","30% Coinsurance after deductible","50% Coinsurance after deductible","50% Coinsurance after deductible",,,,,,,,,,,,,,,,,,,,,,,,,,,,,,,,,,,,,,,,,,,,,,,,,,,,,,
"PA","Bronze","UPMC Health Plan","16322PA0050003","UPMC Advantage Bronze $6000/$25 - Partner Network","EPO",,,,,,,"http://www.upmchealthplan.com/marketplace/network.aspx?network=2015_24_IND_EPO_Serv1_Med2_DentDH",,,,,"X",,,"$119.00","$124.00",,,,,,,,,,,,,,,,,,,,,,,,,,,,,,,,,,,"$6,000","$12,000","$6,000","$12,000","$6,600","$13,200","Included in out-of-pocket maximum","Included in out-of-pocket maximum","$25","No charge after deductible","No charge after deductible","No charge after deductible","No charge after deductible","$15","30% Coinsurance after deductible","50% Coinsurance after deductible","50% Coinsurance after deductible",,,,,,,,,,,,,,,,,,,,,,,,,,,,,,,,,,,,,,,,,,,,,,,,,,,,,,
"PA","Silver","UPMC Health Plan","16322PA0050004","UPMC Advantage Silver HSA $2000/20% - Partner Network","EPO",,,,,,,"http://www.upmchealthplan.com/marketplace/network.aspx?network=2015_24_IND_EPO_Serv1_Med2_DentDH",,,,,"X",,,"$134.00","$141.00",,,,,,,,,,,,,,,,,,,,,,,,,,,,,,,,,,,"$2,000","$4,000","$2,000","$4,000","$3,500","$7,000","Included in out-of-pocket maximum","Included in out-of-pocket maximum","20% Coinsurance after deductible","20% Coinsurance after deductible","20% Coinsurance after deductible","20% Coinsurance after deductible","20% Coinsurance after deductible","$8 Copay after deductible","$45 Copay after deductible","$90 Copay after deductible","50% Coinsurance after deductible",,,,,,,,,,,,,,,,,,,,,,,,,,,,,,,,,,,,,,,,,,,,,,,,,,,,,,
"PA","Silver","UPMC Health Plan","16322PA0050017","UPMC Advantage Silver $0/$50 - Partner Network","EPO",,,,,,,"http://www.upmchealthplan.com/marketplace/network.aspx?network=2015_24_IND_EPO_Serv1_Med2_DentDH",,,,,"X",,,"$135.00","$142.00",,,,,,,,,,,,,,,,,,,,,,,,,,,,,,,,,,,"$0","$6,600","$0","$0","$6,600","$13,200","Included in out-of-pocket maximum","Included in out-of-pocket maximum","$50","$100","$600","$4000 Copay per Stay","No charge","$15","$45","$90","50%",,,,,,,,,,,,,,,,,,,,,,,,,,,,,,,,,,,,,,,,,,,,,,,,,,,,,,
"PA","Silver","UPMC Health Plan","16322PA0050018","UPMC Advantage Silver $1750/$30 - Partner Network","EPO",,,,,,,"http://www.upmchealthplan.com/marketplace/network.aspx?network=2015_24_IND_EPO_Serv1_Med2_DentDH",,,,,"X",,,"$133.00","$140.00",,,,,,,,,,,,,,,,,,,,,,,,,,,,,,,,,,,"$1,750","$3,500","$0","$0","$6,600","$13,200","Included in out-of-pocket maximum","Included in out-of-pocket maximum","$30","$80","20% Coinsurance after deductible","20% Coinsurance after deductible","20% Coinsurance after deductible","$8","$45","$90","50%",,,,,,,,,,,,,,,,,,,,,,,,,,,,,,,,,,,,,,,,,,,,,,,,,,,,,,
"PA","Silver","UPMC Health Plan","16322PA0050019","UPMC Advantage Silver $3250/$10 - Partner Network","EPO",,,,,,,"http://www.upmchealthplan.com/marketplace/network.aspx?network=2015_24_IND_EPO_Serv1_Med2_DentDH",,,,,"X",,,"$135.00","$142.00",,,,,,,,,,,,,,,,,,,,,,,,,,,,,,,,,,,"$3,250","$6,500","$0","$0","$6,600","$13,200","Included in out-of-pocket maximum","Included in out-of-pocket maximum","$10","$70","$500","No charge after deductible","No charge after deductible","$8","$45","$90","50%",,,,,,,,,,,,,,,,,,,,,,,,,,,,,,,,,,,,,,,,,,,,,,,,,,,,,,
"PA","Gold","UPMC Health Plan","16322PA0050020","UPMC Advantage Gold $500/$15 - Partner Network","EPO",,,,,,,"http://www.upmchealthplan.com/marketplace/network.aspx?network=2015_24_IND_EPO_Serv1_Med2_DentDH",,,,,"X",,,"$169.00","$177.00",,,,,,,,,,,,,,,,,,,,,,,,,,,,,,,,,,,"$500","$1,000","$0","$0","$3,000","$6,000","Included in out-of-pocket maximum","Included in out-of-pocket maximum","$15","$50","20% Coinsurance after deductible","20% Coinsurance after deductible","20% Coinsurance after deductible","$8","$45","$90","50%",,,,,,,,,,,,,,,,,,,,,,,,,,,,,,,,,,,,,,,,,,,,,,,,,,,,,,
"PA","Gold","UPMC Health Plan","16322PA0050021","UPMC Advantage Gold $750/$10 - Partner Network","EPO",,,,,,,"http://www.upmchealthplan.com/marketplace/network.aspx?network=2015_24_IND_EPO_Serv1_Med2_DentDH",,,,,"X",,,"$169.00","$177.00",,,,,,,,,,,,,,,,,,,,,,,,,,,,,,,,,,,"$750","$1,500","$0","$0","$3,000","$6,000","Included in out-of-pocket maximum","Included in out-of-pocket maximum","$10","$45","10% Coinsurance after deductible","10% Coinsurance after deductible","10% Coinsurance after deductible","$8","$45","$90","50%",,,,,,,,,,,,,,,,,,,,,,,,,,,,,,,,,,,,,,,,,,,,,,,,,,,,,,
"PA","Platinum","UPMC Health Plan","16322PA0050023","UPMC Advantage Platinum $250/$20 - Partner Network","EPO",,,,,,,"http://www.upmchealthplan.com/marketplace/network.aspx?network=2015_24_IND_EPO_Serv1_Med2_DentDH",,,,,"X",,,"$285.00","$299.00",,,,,,,,,,,,,,,,,,,,,,,,,,,,,,,,,,,"$250","$500","$0","$0","$1,500","$3,000","Included in out-of-pocket maximum","Included in out-of-pocket maximum","$20","10% Coinsurance after deductible","10% Coinsurance after deductible","10% Coinsurance after deductible","10% Coinsurance after deductible","$8","$45","$90","50% Coinsurance after deductible",,,,,,,,,,,,,,,,,,,,,,,,,,,,,,,,,,,,,,,,,,,,,,,,,,,,,,
"PA","Bronze","UPMC Health Plan","16322PA0050026","UPMC Advantage Bronze $5500/$40 - Select Network","EPO",,,,,,,"http://www.upmchealthplan.com/marketplace/network.aspx?network=2015_25_IND_EPO_Serv5_Med5_DentDP",,,,,"X",,,"$126.00","$132.00",,,,,,,,,,,,,,,,,,,,,,,,,,,,,,,,,,,"$5,500","$11,000","$5,500","$11,000","$6,600","$13,200","Included in out-of-pocket maximum","Included in out-of-pocket maximum","$40","30% Coinsurance after deductible","30% Coinsurance after deductible","30% Coinsurance after deductible","30% Coinsurance after deductible","$8","30% Coinsurance after deductible","50% Coinsurance after deductible","50% Coinsurance after deductible",,,,,,,,,,,,,,,,,,,,,,,,,,,,,,,,,,,,,,,,,,,,,,,,,,,,,,
"PA","Bronze","UPMC Health Plan","16322PA0050027","UPMC Advantage Bronze $6000/$25 - Select Network","EPO",,,,,,,"http://www.upmchealthplan.com/marketplace/network.aspx?network=2015_25_IND_EPO_Serv5_Med5_DentDP",,,,,"X",,,"$125.00","$131.00",,,,,,,,,,,,,,,,,,,,,,,,,,,,,,,,,,,"$6,000","$12,000","$6,000","$12,000","$6,600","$13,200","Included in out-of-pocket maximum","Included in out-of-pocket maximum","$25","No charge after deductible","No charge after deductible","No charge after deductible","No charge after deductible","$15","30% Coinsurance after deductible","50% Coinsurance after deductible","50% Coinsurance after deductible",,,,,,,,,,,,,,,,,,,,,,,,,,,,,,,,,,,,,,,,,,,,,,,,,,,,,,
"PA","Silver","UPMC Health Plan","16322PA0050028","UPMC Advantage Silver HSA $2000/20% - Select Network","EPO",,,,,,,"http://www.upmchealthplan.com/marketplace/network.aspx?network=2015_25_IND_EPO_Serv5_Med5_DentDP",,,,,"X",,,"$141.00","$148.00",,,,,,,,,,,,,,,,,,,,,,,,,,,,,,,,,,,"$2,000","$4,000","$2,000","$4,000","$3,500","$7,000","Included in out-of-pocket maximum","Included in out-of-pocket maximum","20% Coinsurance after deductible","20% Coinsurance after deductible","20% Coinsurance after deductible","20% Coinsurance after deductible","20% Coinsurance after deductible","$8 Copay after deductible","$45 Copay after deductible","$90 Copay after deductible","50% Coinsurance after deductible",,,,,,,,,,,,,,,,,,,,,,,,,,,,,,,,,,,,,,,,,,,,,,,,,,,,,,
"PA","Silver","UPMC Health Plan","16322PA0050029","UPMC Advantage Silver $0/$50 - Select Network","EPO",,,,,,,"http://www.upmchealthplan.com/marketplace/network.aspx?network=2015_25_IND_EPO_Serv5_Med5_DentDP",,,,,"X",,,"$142.00","$149.00",,,,,,,,,,,,,,,,,,,,,,,,,,,,,,,,,,,"$0","$6,600","$0","$0","$6,600","$13,200","Included in out-of-pocket maximum","Included in out-of-pocket maximum","$50","$100","$600","$4000 Copay per Stay","No charge","$15","$45","$90","50%",,,,,,,,,,,,,,,,,,,,,,,,,,,,,,,,,,,,,,,,,,,,,,,,,,,,,,
"PA","Silver","UPMC Health Plan","16322PA0050030","UPMC Advantage Silver $1750/$30 - Select Network","EPO",,,,,,,"http://www.upmchealthplan.com/marketplace/network.aspx?network=2015_25_IND_EPO_Serv5_Med5_DentDP",,,,,"X",,,"$140.00","$147.00",,,,,,,,,,,,,,,,,,,,,,,,,,,,,,,,,,,"$1,570","$3,140","$0","$0","$6,600","$13,200","Included in out-of-pocket maximum","Included in out-of-pocket maximum","$30","$80","20% Coinsurance after deductible","20% Coinsurance after deductible","20% Coinsurance after deductible","$8","$45","$90","50%",,,,,,,,,,,,,,,,,,,,,,,,,,,,,,,,,,,,,,,,,,,,,,,,,,,,,,
"PA","Silver","UPMC Health Plan","16322PA0050031","UPMC Advantage Silver $3250/$10 - Select Network","EPO",,,,,,,"http://www.upmchealthplan.com/marketplace/network.aspx?network=2015_25_IND_EPO_Serv5_Med5_DentDP",,,,,"X",,,"$142.00","$149.00",,,,,,,,,,,,,,,,,,,,,,,,,,,,,,,,,,,"$3,250","$6,500","$0","$0","$6,600","$13,200","Included in out-of-pocket maximum","Included in out-of-pocket maximum","$10","$70","$500","No charge after deductible","No charge after deductible","$8","$45","$90","50%",,,,,,,,,,,,,,,,,,,,,,,,,,,,,,,,,,,,,,,,,,,,,,,,,,,,,,
"PA","Gold","UPMC Health Plan","16322PA0050032","UPMC Advantage Gold $500/$15 - Select Network","EPO",,,,,,,"http://www.upmchealthplan.com/marketplace/network.aspx?network=2015_25_IND_EPO_Serv5_Med5_DentDP",,,,,"X",,,"$178.00","$187.00",,,,,,,,,,,,,,,,,,,,,,,,,,,,,,,,,,,"$500","$1,000","$0","$0","$3,000","$6,000","Included in out-of-pocket maximum","Included in out-of-pocket maximum","$15","$50","20% Coinsurance after deductible","20% Coinsurance after deductible","20% Coinsurance after deductible","$8","$45","$90","50%",,,,,,,,,,,,,,,,,,,,,,,,,,,,,,,,,,,,,,,,,,,,,,,,,,,,,,
"PA","Gold","UPMC Health Plan","16322PA0050033","UPMC Advantage Gold $750/$10 - Select Network","EPO",,,,,,,"http://www.upmchealthplan.com/marketplace/network.aspx?network=2015_25_IND_EPO_Serv5_Med5_DentDP",,,,,"X",,,"$178.00","$186.00",,,,,,,,,,,,,,,,,,,,,,,,,,,,,,,,,,,"$750","$1,500","$0","$0","$3,000","$6,000","Included in out-of-pocket maximum","Included in out-of-pocket maximum","$10","$45","10% Coinsurance after deductible","10% Coinsurance after deductible","10% Coinsurance after deductible","$8","$45","$90","50%",,,,,,,,,,,,,,,,,,,,,,,,,,,,,,,,,,,,,,,,,,,,,,,,,,,,,,
"PA","Platinum","UPMC Health Plan","16322PA0050035","UPMC Advantage Platinum $250/$20 - Select Network","EPO",,,,,,,"http://www.upmchealthplan.com/marketplace/network.aspx?network=2015_25_IND_EPO_Serv5_Med5_DentDP",,,,,"X",,,"$300.00","$315.00",,,,,,,,,,,,,,,,,,,,,,,,,,,,,,,,,,,"$250","$500","$0","$0","$1,500","$3,000","Included in out-of-pocket maximum","Included in out-of-pocket maximum","$20","10% Coinsurance after deductible","10% Coinsurance after deductible","10% Coinsurance after deductible","10% Coinsurance after deductible","$8","$45","$90","50% Coinsurance after deductible",,,,,,,,,,,,,,,,,,,,,,,,,,,,,,,,,,,,,,,,,,,,,,,,,,,,,,
"PA","Bronze","UnitedHealthcare","24872PA0010016","UnitedHealthcare Bronze Compass HSA 4900","HMO",,,,,,,"http://www.uhc.com/xpa",,,,,"X",,,"$131.00","$137.00",,,,,,,,,,,,,,,,,,,,,,,,,,,,,,,,,,,"$4,900","$9,800","$4,900","$9,800","$6,450","$12,900","Included in out-of-pocket maximum","Included in out-of-pocket maximum","No charge after deductible","No charge after deductible","No charge after deductible","No charge after deductible","No charge after deductible","$10 Copay after deductible","$50 Copay after deductible","20% Coinsurance after deductible","30% Coinsurance after deductible",,,,,,,,,,,,,,,,,,,,,,,,,,,,,,,,,,,,,,,,,,,,,,,,,,,,,,
"PA","Bronze","UnitedHealthcare","24872PA0010019","UnitedHealthcare Bronze Compass 5500","HMO",,,,,,,"http://www.uhc.com/xpa",,,,,"X",,,"$145.00","$152.00",,,,,,,,,,,,,,,,,,,,,,,,,,,,,,,,,,,"$5,500","$11,000","$5,500","$11,000","$6,600","$13,200","Included in out-of-pocket maximum","Included in out-of-pocket maximum","$35","$75","$250 Copay before deductible/30% Coinsurance after deductible","30% Coinsurance after deductible","30% Coinsurance after deductible","$10 Copay after deductible","$50 Copay after deductible","20% Coinsurance after deductible","30% Coinsurance after deductible",,,,,,,,,,,,,,,,,,,,,,,,,,,,,,,,,,,,,,,,,,,,,,,,,,,,,,
"PA","Silver","UnitedHealthcare","24872PA0010010","UnitedHealthcare Silver Compass 5000","HMO",,,,,,,"http://www.uhc.com/xpa",,,,,"X",,,"$160.00","$167.00",,,,,,,,,,,,,,,,,,,,,,,,,,,,,,,,,,,"$5,000","$10,000","$1,000","$1,000","$6,600","$13,200","Included in out-of-pocket maximum","Included in out-of-pocket maximum","$20","$40","$250 Copay before deductible/20% Coinsurance after deductible","20% Coinsurance after deductible","20% Coinsurance after deductible","$5","$50 Copay after deductible","20% Coinsurance after deductible","30% Coinsurance after deductible",,,,,,,,,,,,,,,,,,,,,,,,,,,,,,,,,,,,,,,,,,,,,,,,,,,,,,
"PA","Silver","UnitedHealthcare","24872PA0010004","UnitedHealthcare Silver Compass HSA 1600","HMO",,,,,,,"http://www.uhc.com/xpa",,,,,"X",,,"$160.00","$168.00",,,,,,,,,,,,,,,,,,,,,,,,,,,,,,,,,,,"$1,600","$3,200","$1,600","$3,200","$6,450","$12,900","Included in out-of-pocket maximum","Included in out-of-pocket maximum","$15","$35","$300 Copay before deductible","$1500 Copay per Stay","No charge after deductible","$10 Copay after deductible","$50 Copay after deductible","20% Coinsurance after deductible","30% Coinsurance after deductible",,,,,,,,,,,,,,,,,,,,,,,,,,,,,,,,,,,,,,,,,,,,,,,,,,,,,,
"PA","Gold","UnitedHealthcare","24872PA0010001","UnitedHealthcare Gold Compass 500","HMO",,,,,,,"http://www.uhc.com/xpa",,,,,"X",,,"$172.00","$180.00",,,,,,,,,,,,,,,,,,,,,,,,,,,,,,,,,,,"$500","$1,000","$250","$250","$6,600","$13,200","Included in out-of-pocket maximum","Included in out-of-pocket maximum","$20","$40","$250 Copay before deductible/20% Coinsurance after deductible","20% Coinsurance after deductible","20% Coinsurance after deductible","$5","$40","20% Coinsurance after deductible","30% Coinsurance after deductible",,,,,,,,,,,,,,,,,,,,,,,,,,,,,,,,,,,,,,,,,,,,,,,,,,,,,,
"PA","Bronze","Coventry","91303PA0020004","Coventry Bronze Deductible Only HSA Eligible HMO","HMO",,,,,,,"http://pa.coventryproviders.com/",,,,,,,,"$154.00","$161.00",,,,,,,,,,,,,,,,,,,,,,,,,,,,,,,,,,,"$6,300","$12,600","$6,300","$12,600","$6,300","$12,600","Included in out-of-pocket maximum","Included in out-of-pocket maximum","No charge after deductible","No charge after deductible","No charge after deductible","No charge after deductible","No charge after deductible","No charge after deductible","No charge after deductible","No charge after deductible","No charge after deductible",,,,,,,,,,,,,,,,,,,,,,,,,,,,,,,,,,,,,,,,,,,,,,,,,,,,,,
"PA","Bronze","Coventry","91303PA0020003","Coventry Bronze $20 Copay HMO","HMO",,,,,,,"http://pa.coventryproviders.com/",,,,,,,,"$162.00","$170.00",,,,,,,,,,,,,,,,,,,,,,,,,,,,,,,,,,,"$5,750","$11,500","$5,750","$11,500","$6,600","$13,200","Included in out-of-pocket maximum","Included in out-of-pocket maximum","$20","$50 Copay after deductible","$250 Copay after deductible","$250 Copay per stay","No charge after deductible","$15 Copay after deductible","$45 Copay after deductible","$75 Copay after deductible","40% Coinsurance after deductible",,,,,,,,,,,,,,,,,,,,,,,,,,,,,,,,,,,,,,,,,,,,,,,,,,,,,,
"PA","Silver","Coventry","91303PA0020002","Coventry Silver $10 Copay HMO","HMO",,,,,,,"http://pa.coventryproviders.com/",,,,,,,,"$211.00","$221.00",,,,,,,,,,,,,,,,,,,,,,,,,,,,,,,,,,,"$3,750","$7,500","$500","$500","$6,600","$13,200","Included in out-of-pocket maximum","Included in out-of-pocket maximum","$10","$75","$500 Copay after deductible","$500 Copay per Stay/30% Coinsurance after deductible","30% Coinsurance after deductible","$15","$45 Copay after deductible","$75 Copay after deductible","40% Coinsurance after deductible",,,,,,,,,,,,,,,,,,,,,,,,,,,,,,,,,,,,,,,,,,,,,,,,,,,,,,
"PA","Silver","Coventry","91303PA0020006","Coventry Silver $5 Copay 2750 HMO","HMO",,,,,,,"http://pa.coventryproviders.com/",,,,,,,,"$221.00","$232.00",,,,,,,,,,,,,,,,,,,,,,,,,,,,,,,,,,,"$2,750","$5,500","$2,750","$5,500","$6,000","$12,000","Included in out-of-pocket maximum","Included in out-of-pocket maximum","$5","$75","$500 Copay after deductible","30% Coinsurance after deductible","30% Coinsurance after deductible","$15","$45 Copay after deductible","$75 Copay after deductible","40% Coinsurance after deductible",,,,,,,,,,,,,,,,,,,,,,,,,,,,,,,,,,,,,,,,,,,,,,,,,,,,,,
"PA","Gold","Coventry","91303PA0020001","Coventry Gold $5 Copay HMO","HMO",,,,,,,"http://pa.coventryproviders.com/",,,,,,,,"$239.00","$250.00",,,,,,,,,,,,,,,,,,,,,,,,,,,,,,,,,,,"$1,400","$2,800","$250","$250","$5,000","$10,000","Included in out-of-pocket maximum","Included in out-of-pocket maximum","$5","$40","$250 Copay after deductible","20% Coinsurance after deductible","20% Coinsurance after deductible","$10","$35 Copay after deductible","$70 Copay after deductible","30% Coinsurance after deductible",,,,,,,,,,,,,,,,,,,,,,,,,,,,,,,,,,,,,,,,,,,,,,,,,,,,,,
"PA","Bronze","Assurant Health","19068PA0200007","Assurant Health Bronze Plan 001","PPO",,,,,,,"http://assuranthealth.com/networksavings2",,,,,"X",,,"$201.00","$211.00",,,,,,,,,,,,,,,,,,,,,,,,,,,,,,,,,,,"$6,000","$12,000","$6,000","$12,000","$6,000","$12,000","Included in out-of-pocket maximum","Included in out-of-pocket maximum","No charge after deductible","No charge after deductible","$100 Copay before deductible","No charge after deductible","No charge after deductible","No charge after deductible","No charge after deductible","No charge after deductible","No charge after deductible",,,,,,,,,,,,,,,,,,,,,,,,,,,,,,,,,,,,,,,,,,,,,,,,,,,,,,
"PA","Bronze","Assurant Health","19068PA0200021","Assurant Health Bronze Plan 002","PPO",,,,,,,"http://assuranthealth.com/networksavings2",,,,,"X",,,"$208.00","$218.00",,,,,,,,,,,,,,,,,,,,,,,,,,,,,,,,,,,"$5,000","$10,000","$5,000","$10,000","$6,350","$12,700","Included in out-of-pocket maximum","Included in out-of-pocket maximum","$35","$35","$100 Copay before deductible / 25% Coinsurance after deductible","25% Coinsurance after deductible","25% Coinsurance after deductible","25% Coinsurance after deductible","25% Coinsurance after deductible","25% Coinsurance after deductible","25% Coinsurance after deductible",,,,,,,,,,,,,,,,,,,,,,,,,,,,,,,,,,,,,,,,,,,,,,,,,,,,,,
"PA","Silver","Assurant Health","19068PA0200014","Assurant Health Silver Plan 001","PPO",,,,,,,"http://assuranthealth.com/networksavings2",,,,,"X",,,"$240.00","$251.00",,,,,,,,,,,,,,,,,,,,,,,,,,,,,,,,,,,"$3,500","$7,000","$3,500","$7,000","$3,500","$7,000","Included in out-of-pocket maximum","Included in out-of-pocket maximum","No charge after deductible","No charge after deductible","$100 Copay before deductible","No charge after deductible","No charge after deductible","No charge after deductible","No charge after deductible","No charge after deductible","No charge after deductible",,,,,,,,,,,,,,,,,,,,,,,,,,,,,,,,,,,,,,,,,,,,,,,,,,,,,,
"PA","Silver","Assurant Health","19068PA0200028","Assurant Health Silver Plan 002","PPO",,,,,,,"http://assuranthealth.com/networksavings2",,,,,"X",,,"$244.00","$256.00",,,,,,,,,,,,,,,,,,,,,,,,,,,,,,,,,,,"$2,000","$4,000","$2,000","$4,000","$6,350","$12,700","Included in out-of-pocket maximum","Included in out-of-pocket maximum","$30","$30","$100 Copay before deductible / 50% Coinsurance after deductible","50% Coinsurance after deductible","50% Coinsurance after deductible","$15","$35","$60","50% Coinsurance after deductible",,,,,,,,,,,,,,,,,,,,,,,,,,,,,,,,,,,,,,,,,,,,,,,,,,,,,,
"PA","Gold","Assurant Health","19068PA0200035","Assurant Health Gold Plan 002","PPO",,,,,,,"http://assuranthealth.com/networksavings2",,,,,"X",,,"$294.00","$308.00",,,,,,,,,,,,,,,,,,,,,,,,,,,,,,,,,,,"$0","$0","$0","$0","$6,350","$12,700","Included in out-of-pocket maximum","Included in out-of-pocket maximum","$25","$25","$100 Copay before deductible / 25% Coinsurance after deductible","25% Coinsurance after deductible","25% Coinsurance after deductible","$15","$35","$60","25% Coinsurance after deductible",,,,,,,,,,,,,,,,,,,,,,,,,,,,,,,,,,,,,,,,,,,,,,,,,,,,,,
"PA","Platinum","Assurant Health","19068PA0200042","Assurant Health Platinum Plan 002","PPO",,,,,,,"http://assuranthealth.com/networksavings2",,,,,"X",,,"$336.00","$352.00",,,,,,,,,,,,,,,,,,,,,,,,,,,,,,,,,,,"$0","$0","$0","$0","$2,000","$4,000","Included in out-of-pocket maximum","Included in out-of-pocket maximum","$25","$25","$100 Copay before deductible / 25% Coinsurance after deductible","25% Coinsurance after deductible","25% Coinsurance after deductible","$10","$30","$50","25% Coinsurance after deductible",,,,,,,,,,,,,,,,,,,,,,,,,,,,,,,,,,,,,,,,,,,,,,,,,,,,,,
